,US Equities,EAFE Equities,EM Equities,Leveraged Treasuries,Corp Bonds,TIPS(backfilled),Real Estate,TSMOMPos,T-bill
US Equities,0.0012651624663297073,0.0010537255952880928,0.0012508350595402777,-0.00017543554487985786,9.033603664471802e-05,1.4463562780214863e-05,0.000881956819845966,-9.580488178227378e-05,1.309160001060896e-05
EAFE Equities,0.0010537255952880928,0.0016694707671981671,0.0016046232757309948,-0.00020867162654088152,0.0001164562333882507,4.450884735810106e-06,0.0008196706368380712,-0.00012966758104577156,5.015750139493784e-06
EM Equities,0.0012508350595402777,0.0016046232757309948,0.003112081537724914,-0.0002185500651351312,0.00014263041262479992,0.00011777573823955147,0.0010516633774738087,-0.00019864346544235905,6.104872268626475e-06
Leveraged Treasuries,-0.0001754355448798579,-0.00020867162654088152,-0.00021855006513513123,0.0008456618599307359,0.00029814132131966524,0.00027348288703909704,0.0001679989765955507,1.5807290673567653e-05,2.8763680265115884e-05
Corp Bonds,9.0336036644718e-05,0.00011645623338825067,0.00014263041262479992,0.00029814132131966524,0.00019667886070128676,0.00012074116365000804,0.0002546254321484988,-2.3249960894704022e-05,1.5953163114027108e-05
TIPS(backfilled),1.4463562780214856e-05,4.450884735810113e-06,0.00011777573823955147,0.00027348288703909704,0.00012074116365000804,0.00023336989319828344,0.00016226287777577615,-1.649037085519215e-05,8.922142996975487e-06
Real Estate,0.0008819568198459659,0.0008196706368380713,0.0010516633774738087,0.0001679989765955507,0.00025462543214849887,0.00016226287777577615,0.0019356885137566478,-0.00010873282079911328,1.5155573581590752e-05
TSMOMPos,-9.580488178227375e-05,-0.00012966758104577156,-0.00019864346544235903,1.5807290673567657e-05,-2.3249960894704022e-05,-1.649037085519215e-05,-0.0001087328207991133,0.00016785939343718742,4.653933067784496e-06
T-bill,1.3091600010608964e-05,5.015750139493784e-06,6.104872268626475e-06,2.8763680265115884e-05,1.5953163114027108e-05,8.922142996975487e-06,1.5155573581590749e-05,4.653933067784497e-06,1.383501358240246e-05
