K,Moneyness,IV
60,0.756238972,0.3063
65,0.819258886,0.2451
70,0.8822788,0.2692
72,0.907486766,0.2315
74,0.932694732,0.2084
75,0.945298714,0.2026
76,0.957902697,0.1995
77,0.97050668,0.1974
78,0.983110663,0.1928
79,0.995714646,0.1923
80,1.008318629,0.178765
81,1.020922612,0.163
82,1.033526594,0.1598
83,1.046130577,0.1572
84,1.05873456,0.1535
85,1.071338543,0.1507
86,1.083942526,0.1484
87,1.096546509,0.152
89,1.121754474,0.1594
100,1.260398286,0.1621
105,1.3234182,0.1477