,US Equities,EAFE Equities,EM Equities,Leveraged Treasuries,Corp Bonds,TIPS(backfilled),Real Estate,TSMOMPos,T-bill
US Equities,0.0012501030217496776,0.0010433459004465253,0.0012471006716949916,-3.8561887808537216e-05,7.365084214455039e-05,4.3286839396450275e-06,0.0008561260976196751,-9.86405319175354e-05,8.438531483272965e-07
EAFE Equities,0.0010433459004465253,0.001663770822095062,0.001605568637624171,-4.803093213990436e-05,0.00010445078862654546,-1.0042443662973313e-06,0.0007985196643502427,-0.00013250323118103318,-2.5522469843254725e-06
EM Equities,0.0012471006716949916,0.001605568637624171,0.003119672206614372,-5.450256186859182e-05,0.00013727027485937587,0.00011896591613372523,0.0010371577119822613,-0.0002014791155776207,5.182182141088383e-06
Leveraged Treasuries,-3.85618878085372e-05,-4.803093213990436e-05,-5.45025618685918e-05,0.00012936541689115934,0.00011736388042262269,0.00010412974886762178,5.649698444891267e-05,3.838471732142508e-06,5.1327120124643985e-06
Corp Bonds,7.365084214455037e-05,0.00010445078862654546,0.00013727027485937584,0.0001173638804226227,0.00017836791628098134,0.0001089805348893004,0.00022716896000207008,-2.608561102996564e-05,2.0796663316076162e-06
TIPS(backfilled),4.328683939645024e-06,-1.004244366297338e-06,0.00011896591613372523,0.0001041297488676218,0.0001089805348893004,0.0002281595800971736,0.0001413567212889452,-1.932602099045376e-05,1.5989618741538157e-06
Real Estate,0.0008561260976196751,0.0007985196643502428,0.0010371577119822613,5.6496984448912684e-05,0.00022716896000207008,0.00014135672128894522,0.0018990865138840956,-0.00011156847093437492,-7.863450926952044e-06
TSMOMPos,-9.86405319175354e-05,-0.00013250323118103318,-0.00020147911557762065,3.8384717321425126e-06,-2.6085611029965633e-05,-1.9326020990453764e-05,-0.00011156847093437491,0.00016785939343718742,1.8182829325228819e-06
T-bill,8.438531483272943e-07,-2.5522469843254708e-06,5.182182141088385e-06,5.1327120124644e-06,2.079666331607616e-06,1.5989618741538155e-06,-7.863450926952044e-06,1.8182829325228819e-06,4.398964437868955e-06
